{"cameraMode":{"drawMode":0,"name":"Shaded","section":"Shading Mode"},"sceneLighting":false,"audioPlay":false,"sceneViewState":{"m_AlwaysRefresh":false,"showFog":true,"showSkybox":false,"showFlares":true,"showImageEffects":true,"showParticleSystems":true,"showVisualEffectGraphs":true,"m_FxEnabled":true},"in2DMode":false,"pivot":{"x":0.05595135688781738,"y":0.791199803352356,"z":-0.5814104080200195},"rotation":{"x":0.12153361737728119,"y":-0.20015373826026917,"z":0.025021402165293695,"w":0.9718955159187317},"size":0.8660253882408142,"orthographic":false}